office, country, telephone, address
Gouda, Netherlands, +31 182 34 50 00, Antwerpseweg 8
Oslo, Norway, +47 23 10 00 60, Kirkegata 15; 5.etg.
Sundbyberg, Sweden, +46 10-219 05 00, Landsvägen 57
Kaunas, Lithuania, +370 683 76969, Jonavos g. 7
Ratingen, Germany, +49 2102 20 70 0, Kreuzerkamp 9
Iasi, Romania, + 40 332 710 760, Str. Palat Nr. 3C, United Business Center 4, Etaj 5
Eggenwil, Switzerland, , Kochsmattstrasse 15
Arcueil cedex, France, +33 (0)1.57.63.14.00, Immeuble Axeo - 29 avenue Aristide Briand- CS 10006
Oostkamp, Belgium, +32 50 833 333, Siemenslaan 12
Drammen, Norway, + 47 23 10 00 60, Torgeir Vraas Plass 4
Mechelen, Belgium, +32 50 833 333, Blarenberglaan 2C
IJsselstein, Netherlands, +31 30 608 80 00, Einsteinweg 12
Malmö, Sweden, +46 10-219 05 00, Nordenskiöldsgatan 8

Hamburg, Germany, +49 2102 20 70 0, Vorsetzen 50
Hoogeveen, Netherlands, +31 88 919 66 47, Donau 12